-- phpMyAdmin SQL Dump
-- version 4.0.10deb1
-- http://www.phpmyadmin.net
--
-- Host: localhost
-- Generation Time: Nov 30, 2015 at 07:16 PM
-- Server version: 5.5.46-0ubuntu0.14.04.2
-- PHP Version: 5.5.9-1ubuntu4.14

SET SQL_MODE = "NO_AUTO_VALUE_ON_ZERO";
SET time_zone = "+00:00";


/*!40101 SET @OLD_CHARACTER_SET_CLIENT=@@CHARACTER_SET_CLIENT */;
/*!40101 SET @OLD_CHARACTER_SET_RESULTS=@@CHARACTER_SET_RESULTS */;
/*!40101 SET @OLD_COLLATION_CONNECTION=@@COLLATION_CONNECTION */;
/*!40101 SET NAMES utf8 */;

--
-- Database: `sma`
--

-- --------------------------------------------------------

--
-- Table structure for table `agama`
--

CREATE TABLE IF NOT EXISTS `agama` (
  `id_agama` int(11) NOT NULL,
  `agama` varchar(100) COLLATE latin1_general_ci NOT NULL
) ENGINE=MyISAM  DEFAULT CHARSET=latin1 COLLATE=latin1_general_ci;

--
-- Dumping data for table `agama`
--

INSERT INTO `agama` (`id_agama`, `agama`) VALUES
(1, 'Islam'),
(2, 'Kristen'),
(3, 'Katolik'),
(4, 'Hindhu'),
(5, 'Budha');

-- --------------------------------------------------------

--
-- Table structure for table `aspek_nilai`
--

CREATE TABLE IF NOT EXISTS `aspek_nilai` (
  `id_aspek_nilai` int(11) NOT NULL AUTO_INCREMENT,
  `jenis_aspek` int(1) NOT NULL,
  `tingkat_aspek` int(1) NOT NULL,
  `id_mapel` int(11) NOT NULL,
  `aspek` varchar(200) NOT NULL,
  `kkm` varchar(6) NOT NULL,
  PRIMARY KEY (`id_aspek_nilai`)
) ENGINE=InnoDB  DEFAULT CHARSET=latin1 AUTO_INCREMENT=24 ;

--
-- Dumping data for table `aspek_nilai`
--

INSERT INTO `aspek_nilai` (`id_aspek_nilai`, `jenis_aspek`, `tingkat_aspek`, `id_mapel`, `aspek`, `kkm`) VALUES
(1, 1, 1, 1, 'Budi Pekerti Luhur', '77'),
(2, 1, 2, 1, 'Hormat Kepada Orang Tua', '77'),
(3, 1, 3, 1, 'Sholat 5 waktu', '77'),
(4, 1, 4, 1, 'Iman Kepada Hari Kiamat', '77'),
(5, 2, 1, 1, 'Tajwid AlQuran', '0'),
(6, 2, 2, 1, 'Tumakninah', '0'),
(7, 2, 3, 1, 'Lafal AlQuran', '0'),
(8, 2, 4, 1, 'Jujur', '0'),
(9, 3, 1, 1, 'Hormat Kepada Orang Tua', '0'),
(10, 3, 2, 1, 'Rukun dengan teman', '0'),
(11, 3, 3, 1, 'Tidak Pelit', '0'),
(12, 3, 4, 1, 'Murah Senyum', '0'),
(13, 1, 1, 3, 'Membaca Indah', '77'),
(14, 1, 2, 3, 'Menulis Indah', '77'),
(15, 1, 1, 16, 'Mbuh Piye Carane', '77'),
(16, 1, 2, 16, 'Mbuh Piye Hasil e', '77'),
(17, 1, 3, 16, 'Mbuh Piye Rasane', '77'),
(18, 2, 1, 16, 'Mbuhlah', '0'),
(19, 2, 2, 16, 'Mbuh py', '0'),
(20, 2, 3, 16, 'Mbuh bleh', '0'),
(21, 3, 1, 16, 'Hee Ah', '0'),
(22, 3, 2, 16, 'Hee Jo', '0'),
(23, 3, 3, 16, 'Hee Bleh', '0');

-- --------------------------------------------------------

--
-- Table structure for table `captcha`
--

CREATE TABLE IF NOT EXISTS `captcha` (
  `captcha_id` bigint(13) unsigned NOT NULL AUTO_INCREMENT,
  `captcha_time` int(10) unsigned DEFAULT NULL,
  `ip_address` varchar(16) DEFAULT NULL,
  `word` varchar(20) DEFAULT NULL,
  PRIMARY KEY (`captcha_id`),
  KEY `word` (`word`)
) ENGINE=MyISAM  DEFAULT CHARSET=latin1 AUTO_INCREMENT=18934 ;

--
-- Dumping data for table `captcha`
--

INSERT INTO `captcha` (`captcha_id`, `captcha_time`, `ip_address`, `word`) VALUES
(18756, NULL, '127.0.0.1', NULL),
(18757, NULL, '127.0.0.1', NULL),
(18758, NULL, '127.0.0.1', NULL),
(18759, NULL, '127.0.0.1', NULL),
(18760, NULL, '127.0.0.1', NULL),
(18761, NULL, '127.0.0.1', NULL),
(18762, NULL, '127.0.0.1', NULL),
(18763, NULL, '127.0.0.1', NULL),
(18764, NULL, '127.0.0.1', NULL),
(18765, NULL, '127.0.0.1', NULL),
(18766, NULL, '127.0.0.1', NULL),
(18767, NULL, '127.0.0.1', NULL),
(18768, NULL, '127.0.0.1', NULL),
(18769, NULL, '127.0.0.1', NULL),
(18770, NULL, '127.0.0.1', NULL),
(18771, NULL, '127.0.0.1', NULL),
(18772, NULL, '127.0.0.1', NULL),
(18773, NULL, '127.0.0.1', NULL),
(18774, NULL, '127.0.0.1', NULL),
(18775, NULL, '127.0.0.1', NULL),
(18776, NULL, '127.0.0.1', NULL),
(18777, NULL, '127.0.0.1', NULL),
(18778, NULL, '127.0.0.1', NULL),
(18779, NULL, '127.0.0.1', NULL),
(18780, NULL, '127.0.0.1', NULL),
(18781, NULL, '127.0.0.1', NULL),
(18832, NULL, '127.0.0.1', NULL),
(18933, 1448862826, '127.0.0.1', '45099');

-- --------------------------------------------------------

--
-- Table structure for table `guru`
--

CREATE TABLE IF NOT EXISTS `guru` (
  `nip` varchar(20) COLLATE latin1_general_ci NOT NULL,
  `nama` varchar(100) COLLATE latin1_general_ci NOT NULL,
  `tempat_lahir` varchar(100) COLLATE latin1_general_ci NOT NULL,
  `tanggal_lahir` date NOT NULL,
  `alamat` varchar(200) COLLATE latin1_general_ci NOT NULL,
  `agama` int(2) NOT NULL,
  PRIMARY KEY (`nip`)
) ENGINE=InnoDB DEFAULT CHARSET=latin1 COLLATE=latin1_general_ci;

--
-- Dumping data for table `guru`
--

INSERT INTO `guru` (`nip`, `nama`, `tempat_lahir`, `tanggal_lahir`, `alamat`, `agama`) VALUES
('', 'Kiswati Dwi Putri, S.Pd', '', '1970-01-01', '', 1),
('1132325483', 'Siti Nurjanah, S.Pd, M.Pd', '', '1970-01-01', 'Magersari Rembang', 1),
('1184996534', 'Dwi Ratih Y., S.Pd, M.Pd', '', '1970-01-01', 'Magersari Rembang', 1),
('12345', 'Tahsinul Fuad S.Ag.', 'Rembang', '1970-01-01', 'Rembang', 1),
('1252543824', 'Heni Sunarni, S.Pd', '', '1970-01-01', '', 1),
('1254497249', 'Ulfah Rubiati, S.Pd', '', '1970-01-01', '', 1),
('1271629938', 'Sutiyono, M.Pd', '', '1970-01-01', '', 1),
('1349238636', 'Sukarno,M.PFis', '', '1970-01-01', '', 1),
('1359692724', 'Dyah Lisayanti,S.Pd', '', '1970-01-01', '', 1),
('1374526812', 'Endah Puspita Santi, S.Pd', '', '1970-01-01', '', 1),
('1771599666', 'Yulianto,S.Pd', '', '1970-01-01', '', 1),
('23456', 'Dra. Siti Jumiatun', 'Rembang', '1970-01-01', 'Rembang', 1),
('2377623617', 'Siti Sriyatun,S.Pd', '', '1970-01-01', '', 1),
('24321', 'Dra. Sri Wahyuningsih, M.Pd', 'Rembang', '1970-01-01', 'Rembang', 1),
('2434494352', 'Rahayu Puji Astuti, S.Si', '', '1970-01-01', '', 1),
('2523943675', 'Mohammad Thohir,S.Pd.I', '', '1970-01-01', '', 1),
('2766385431', 'Hanifah Mawaddah, S.Pd', '', '1970-01-01', '', 1),
('2766997376', 'Henry Prasetyorini,S.Pd', '', '1970-01-01', '', 1),
('2778231847', 'Eko Margoningtyas, S.Pd', '', '1970-01-01', '', 1),
('2818229287', 'Drs. Gito Siswoyo', '', '1970-01-01', '', 1),
('2953696863', 'Rival Pahlewi,S.Pd', '', '1970-01-01', '', 1),
('3328673169', 'Gunoto, M.Si', '', '1970-01-01', '', 1),
('34543', 'Rahayu Pujiastuti, S.Si', 'Rembang', '1970-01-01', 'Rembang', 1),
('34567', 'Drs. Y.B. Sri Harnowo', 'Rembang', '1970-01-01', 'Rembang', 1),
('3563668174', 'Dra. Dwi Wahyuningsih', '', '1970-01-01', '', 1),
('3646583569', 'Agnes Dewi Utami RM, S.Ag', '', '1970-01-01', '', 1),
('3776129442', 'Wahyu Puji Lestari,S.Th', '', '1970-01-01', '', 1),
('3817151972', 'Dwi Hastuti, S.Pd', '', '1970-01-01', '', 1),
('3823845326', 'Ahmad Farid, S.Pd.I', '', '1970-01-01', '', 1),
('4272823162', 'Aliyah Mufiqoh, S.Pd, Kons', '', '1970-01-01', '', 1),
('43212', 'Dwi Priyono, S.Pd', 'Rembang', '1970-01-01', 'Rembang', 1),
('4337232583', 'Heru Cahyono, S.Pd', '', '1970-01-01', '', 1),
('4361332151', 'Dra. Sri Kuswinarti, Kons', '', '1970-01-01', '', 1),
('4388631345', 'Dra. Umroh Mahfudloh', '', '1970-01-01', '', 1),
('4389999346', 'Lasmin, S.Pd', '', '1970-01-01', '', 1),
('4424759899', 'Drs. Budi Riyanto', '', '1970-01-01', '', 1),
('45678', 'Drs. Supriyatmo', 'Rembang', '1970-01-01', 'Rembang', 1),
('4813931824', 'Drs. Supriyatmo', '', '1970-01-01', '', 1),
('4832289519', 'Karnati, A.Md', '', '1970-01-01', '', 1),
('5178589432', 'Partono, S.Pd', '', '1970-01-01', '', 1),
('5277183684', 'Sri Wahyuni,S.Pd', '', '1970-01-01', '', 1),
('5379449191', 'Rini Rakhmawati,S.Pd', '', '1970-01-01', '', 1),
('54323', 'M. Fakhruddin Firdaus, S.Pd', 'Rembang', '1970-01-01', 'Rembang', 1),
('5455166663', 'Drs. YB. Sri Harnowo', '', '1970-01-01', '', 1),
('5652928599', 'Nur Irma Fitriani,S.Pd', '', '1970-01-01', '', 1),
('56765', 'Nur Sholihin, S.Hi., M.Si.', 'Rembang', '1970-01-01', 'Rembang', 1),
('56789', 'Dra. Sri Susilowati', 'Rembang', '1970-01-01', 'Rembang', 1),
('5699456931', 'Niwayan Nurasti', '', '1970-01-01', '', 1),
('5864156662', 'Ariyati,S.Pd', '', '1970-01-01', '', 1),
('6134329469', 'Drs. Lilik Setiyanto', '', '1970-01-01', '', 1),
('6249721925', 'Dwi Priyono, S.Pd', '', '1970-01-01', '', 1),
('6433343658', 'Madichah, S.Pd', '', '1970-01-01', '', 1),
('6472219828', 'Drs. Bhakti Prasetiyo U.', '', '1970-01-01', '', 1),
('65432', 'Eny Nur Inayah, S.Si', 'Rembang', '1970-01-01', 'Rembang', 1),
('6545615217', 'M. Fakhrudin F.,S.Pd', '', '1970-01-01', '', 1),
('6728568987', 'Krislina,S.Pd', '', '1970-01-01', '', 1),
('67891', 'Indah Kuswandani, S.Pd', 'Rembang', '1970-01-01', 'Rembang', 1),
('7557426723', 'Nur Sholihin,M.Si', '', '1970-01-01', '', 1),
('7583864137', 'Indah Kuswandani, S.Pd', '', '1970-01-01', '', 1),
('7616376883', 'Sri Mulyani, S.Pd', '', '1970-01-01', '', 1),
('76543', 'Endah Puspita S, S.Pd', 'Rembang', '1970-01-01', 'Rembang', 1),
('7661124541', 'Sulis Prianto, S.Pd', '', '1970-01-01', '', 1),
('7729532574', 'Eny Nur Inayah, S.Si', '', '1970-01-01', '', 1),
('7756963218', 'Drs. Setiya Purwoko, M.Pd', '', '1970-01-01', '', 1),
('8153965857', 'Titik Sukiswati, S.Pd', '', '1970-01-01', '', 1),
('8194689341', 'Rifatun Nimah,S.Pd', '', '1970-01-01', '', 1),
('8245948636', 'Galuh Pratidina, S.Pd, M.Pd', '', '1970-01-01', '', 1),
('8338879683', 'Sukarlan, S.Pd', '', '1970-01-01', '', 1),
('8487736394', 'Drs. Slamet, M.Si', '', '1970-01-01', '', 1),
('8559468746', 'Dra. Sri Wahyuningsih, M.Pd', '', '1970-01-01', '', 1),
('8599422351', 'Tahsinul Fuad, S,Ag', '', '1970-01-01', '', 1),
('8611978131', 'Kiswati Dwi Putri, S.Pd', '', '1970-01-01', '', 1),
('8675391636', 'Noor Anna Prastiningsih, A.Md', '', '1970-01-01', '', 1),
('87654', 'Rini Rakhmawati, S.Pd.,M.Pd', 'Rembang', '1970-01-01', 'Rembang', 1),
('87987', 'Drs. Lilik Setiyanto', 'Rembang', '1981-07-21', 'Rembang Jawa Tengah', 1),
('8825557911', 'Dra. Sri Susilowati', '', '1970-01-01', '', 1),
('9261176833', 'Dra. Siti Jumiatun', '', '1970-01-01', '', 1),
('9298583931', 'Rumiyati,S.Pd, M.Pd', '', '1970-01-01', '', 1),
('9365484232', 'Sri Sunarti, S.Pd', '', '1970-01-01', '', 1),
('9728344526', 'Drs. Jamhari', '', '1970-01-01', '', 1),
('9731241712', 'Kristina Suprapti, S.Pd', '', '1970-01-01', '', 1),
('98765', 'Rumiyati, S.Pd.,M.Pd', 'Rembang', '1970-01-01', 'Rembang', 1),
('98987', 'Sri Sunarti, S.Pd.', 'Rembang', '1970-08-19', 'Rembang Jawa Tengah', 1);

-- --------------------------------------------------------

--
-- Table structure for table `guru_mapel`
--

CREATE TABLE IF NOT EXISTS `guru_mapel` (
  `id_guru_mapel` int(11) NOT NULL AUTO_INCREMENT,
  `id_mapel` int(11) NOT NULL,
  `nip` varchar(50) CHARACTER SET latin1 COLLATE latin1_general_ci NOT NULL,
  `id_team` int(11) NOT NULL,
  `persen` varchar(5) NOT NULL,
  PRIMARY KEY (`id_guru_mapel`),
  KEY `id_mapel` (`id_mapel`),
  KEY `id_team` (`id_team`)
) ENGINE=InnoDB  DEFAULT CHARSET=latin1 AUTO_INCREMENT=19 ;

--
-- Dumping data for table `guru_mapel`
--

INSERT INTO `guru_mapel` (`id_guru_mapel`, `id_mapel`, `nip`, `id_team`, `persen`) VALUES
(1, 1, '56765', 1, ''),
(2, 2, '23456', 2, ''),
(3, 3, '34567', 3, ''),
(4, 4, '45678', 4, ''),
(5, 5, '56789', 5, ''),
(6, 6, '67891', 6, ''),
(7, 7, '43212', 7, ''),
(8, 8, '54323', 8, ''),
(9, 9, '65432', 9, ''),
(10, 10, '76543', 10, ''),
(11, 11, '87987', 11, ''),
(12, 12, '56789', 12, ''),
(13, 14, '98987', 13, ''),
(14, 15, '98987', 14, ''),
(15, 15, '23456', 15, ''),
(16, 13, '34567', 16, ''),
(17, 16, '3646583569', 17, ''),
(18, 16, '3823845326', 17, '');

-- --------------------------------------------------------

--
-- Table structure for table `guru_mapel_kelas`
--

CREATE TABLE IF NOT EXISTS `guru_mapel_kelas` (
  `id_mapel_kelas` int(11) NOT NULL AUTO_INCREMENT,
  `id_guru_mapel` int(11) NOT NULL,
  `id_kelas` int(11) NOT NULL,
  `id_ta` int(11) NOT NULL,
  PRIMARY KEY (`id_mapel_kelas`)
) ENGINE=InnoDB  DEFAULT CHARSET=latin1 AUTO_INCREMENT=44 ;

--
-- Dumping data for table `guru_mapel_kelas`
--

INSERT INTO `guru_mapel_kelas` (`id_mapel_kelas`, `id_guru_mapel`, `id_kelas`, `id_ta`) VALUES
(1, 1, 26, 1),
(2, 2, 26, 1),
(3, 3, 26, 1),
(4, 4, 26, 1),
(5, 5, 26, 1),
(6, 6, 26, 1),
(7, 7, 26, 1),
(8, 7, 26, 1),
(9, 8, 26, 1),
(10, 9, 26, 1),
(11, 10, 26, 1),
(12, 11, 26, 1),
(13, 12, 26, 1),
(14, 13, 26, 1),
(15, 14, 28, 1),
(16, 16, 26, 1),
(20, 0, 27, 1),
(23, 1, 27, 1),
(24, 3, 27, 1),
(25, 7, 27, 1),
(27, 0, 26, 1),
(28, 0, 27, 1),
(42, 17, 29, 1),
(43, 18, 29, 1);

-- --------------------------------------------------------

--
-- Table structure for table `kelas`
--

CREATE TABLE IF NOT EXISTS `kelas` (
  `id_kelas` int(11) NOT NULL AUTO_INCREMENT,
  `nama` varchar(100) NOT NULL,
  `tingkat` varchar(3) NOT NULL,
  `kode` varchar(5) NOT NULL,
  `jenis` int(1) NOT NULL,
  `id` int(5) NOT NULL,
  PRIMARY KEY (`id_kelas`)
) ENGINE=MyISAM  DEFAULT CHARSET=latin1 AUTO_INCREMENT=31 ;

--
-- Dumping data for table `kelas`
--

INSERT INTO `kelas` (`id_kelas`, `nama`, `tingkat`, `kode`, `jenis`, `id`) VALUES
(26, 'A', 'X', '1', 0, 0),
(27, 'B', 'X', '1', 0, 0),
(28, 'A', 'X', '1', 1, 15),
(29, 'A', 'XI', '1', 0, 15),
(30, 'B', 'XI', '1', 0, 15);

-- --------------------------------------------------------

--
-- Table structure for table `kelas_siswa`
--

CREATE TABLE IF NOT EXISTS `kelas_siswa` (
  `id_kelas_sis` int(11) NOT NULL AUTO_INCREMENT,
  `id_kelas` int(11) NOT NULL,
  `nis` varchar(20) CHARACTER SET latin1 COLLATE latin1_general_ci NOT NULL,
  `id_ta` int(11) NOT NULL,
  PRIMARY KEY (`id_kelas_sis`)
) ENGINE=MyISAM  DEFAULT CHARSET=latin1 AUTO_INCREMENT=166 ;

--
-- Dumping data for table `kelas_siswa`
--

INSERT INTO `kelas_siswa` (`id_kelas_sis`, `id_kelas`, `nis`, `id_ta`) VALUES
(164, 30, '2323423', 1),
(73, 26, '1232', 1),
(74, 26, '1233', 1),
(75, 26, '1234', 1),
(76, 26, '1235', 1),
(77, 26, '1236', 1),
(78, 26, '1237', 1),
(79, 26, '1238', 1),
(80, 26, '1239', 1),
(81, 26, '1240', 1),
(82, 26, '1241', 1),
(83, 26, '1242', 1),
(84, 26, '1243', 1),
(85, 26, '1244', 1),
(86, 26, '1245', 1),
(87, 26, '1246', 1),
(88, 26, '1247', 1),
(89, 26, '1248', 1),
(90, 26, '1249', 1),
(91, 26, '1250', 1),
(92, 26, '1251', 1),
(93, 26, '1252', 1),
(94, 26, '1253', 1),
(95, 26, '1254', 1),
(96, 26, '1255', 1),
(97, 26, '1256', 1),
(98, 26, '1257', 1),
(99, 27, '1131', 1),
(100, 27, '1132', 1),
(101, 27, '1133', 1),
(102, 27, '1134', 1),
(103, 27, '1135', 1),
(104, 27, '1136', 1),
(105, 27, '1137', 1),
(106, 27, '1138', 1),
(107, 27, '1139', 1),
(108, 27, '1140', 1),
(109, 27, '1141', 1),
(110, 27, '1142', 1),
(111, 27, '1143', 1),
(112, 27, '1144', 1),
(113, 27, '1145', 1),
(114, 27, '1146', 1),
(115, 27, '1147', 1),
(116, 27, '1148', 1),
(117, 27, '1149', 1),
(118, 27, '1150', 1),
(119, 27, '1151', 1),
(120, 27, '1152', 1),
(121, 27, '1153', 1),
(122, 27, '1154', 1),
(123, 27, '1155', 1),
(124, 27, '1156', 1),
(125, 27, '1157', 1),
(126, 27, '1158', 1),
(165, 30, '4234234', 1),
(128, 28, '1235', 1),
(129, 29, '1230', 17),
(130, 29, '1231', 17),
(131, 30, '1232', 17),
(132, 30, '1233', 17),
(133, 30, '1234', 17),
(134, 30, '1235', 17),
(135, 29, '2014012369', 1),
(136, 29, '2014012342', 1),
(137, 29, '2014012374', 1),
(138, 29, '2014012375', 1),
(139, 29, '2014012376', 1),
(140, 29, '2014012345', 1),
(141, 29, '2014012377', 1),
(142, 29, '2014012347', 1),
(143, 29, '2014012379', 1),
(144, 29, '2014012348', 1),
(145, 29, '2014012349', 1),
(146, 29, '2014012381', 1),
(147, 29, '2014012382', 1),
(148, 29, '2014012353', 1),
(149, 29, '2014012385', 1),
(150, 29, '2014012386', 1),
(151, 29, '2014012355', 1),
(152, 29, '2014012356', 1),
(153, 29, '2014012389', 1),
(154, 29, '2014012390', 1),
(155, 29, '2014012359', 1),
(156, 29, '2014012361', 1),
(157, 29, '2014012362', 1),
(158, 29, '2014012391', 1),
(159, 29, '2014012392', 1),
(160, 29, '2014012367', 1),
(161, 29, '2014012395', 1),
(162, 29, '2014012368', 1),
(163, 26, '0989797', 1);

-- --------------------------------------------------------

--
-- Table structure for table `kelas_wali`
--

CREATE TABLE IF NOT EXISTS `kelas_wali` (
  `id_kelas_wali` int(11) NOT NULL AUTO_INCREMENT,
  `id_kelas` int(11) NOT NULL,
  `nip` varchar(20) CHARACTER SET latin1 COLLATE latin1_general_ci NOT NULL,
  `id_ta` int(11) NOT NULL,
  PRIMARY KEY (`id_kelas_wali`)
) ENGINE=InnoDB  DEFAULT CHARSET=latin1 AUTO_INCREMENT=3 ;

--
-- Dumping data for table `kelas_wali`
--

INSERT INTO `kelas_wali` (`id_kelas_wali`, `id_kelas`, `nip`, `id_ta`) VALUES
(1, 26, '67891', 1),
(2, 27, '56765', 1);

-- --------------------------------------------------------

--
-- Table structure for table `kenaikan`
--

CREATE TABLE IF NOT EXISTS `kenaikan` (
  `id_kenaikan` int(11) NOT NULL AUTO_INCREMENT,
  `nis` varchar(20) NOT NULL,
  `id_kelas_siswa` int(11) NOT NULL,
  `status` int(1) NOT NULL,
  `id_ta` int(11) NOT NULL,
  PRIMARY KEY (`id_kenaikan`)
) ENGINE=InnoDB DEFAULT CHARSET=latin1 AUTO_INCREMENT=1 ;

-- --------------------------------------------------------

--
-- Table structure for table `kepala`
--

CREATE TABLE IF NOT EXISTS `kepala` (
  `id_kepala` int(1) NOT NULL AUTO_INCREMENT,
  `nama_kep` varchar(100) NOT NULL,
  `nip_kep` varchar(100) NOT NULL,
  PRIMARY KEY (`id_kepala`)
) ENGINE=InnoDB  DEFAULT CHARSET=latin1 AUTO_INCREMENT=2 ;

--
-- Dumping data for table `kepala`
--

INSERT INTO `kepala` (`id_kepala`, `nama_kep`, `nip_kep`) VALUES
(1, 'Drs. Setiya Purwoko, M.Pd', '196303281988031003');

-- --------------------------------------------------------

--
-- Table structure for table `mapel`
--

CREATE TABLE IF NOT EXISTS `mapel` (
  `id_mapel` int(11) NOT NULL AUTO_INCREMENT,
  `mapel` varchar(100) NOT NULL,
  `jenis` varchar(100) NOT NULL,
  `jum_jam_mapel` int(2) NOT NULL,
  `harian` int(1) NOT NULL,
  `tugas` int(1) NOT NULL,
  `ulangan` int(1) NOT NULL,
  `dual_guru` int(1) NOT NULL,
  PRIMARY KEY (`id_mapel`)
) ENGINE=InnoDB  DEFAULT CHARSET=latin1 AUTO_INCREMENT=17 ;

--
-- Dumping data for table `mapel`
--

INSERT INTO `mapel` (`id_mapel`, `mapel`, `jenis`, `jum_jam_mapel`, `harian`, `tugas`, `ulangan`, `dual_guru`) VALUES
(1, 'Pendidikan Agama dan Budi Pekerti', 'A', 0, 0, 0, 0, 0),
(2, 'PPKn', 'A', 0, 0, 0, 0, 0),
(3, 'Bahasa Indonesia', 'A', 0, 0, 0, 0, 0),
(4, 'Matematika', 'A', 0, 0, 0, 0, 0),
(5, 'Sejarah Indonesia', 'A', 0, 0, 0, 0, 0),
(6, 'Bahasa Inggris', 'A', 0, 0, 0, 0, 0),
(7, 'Seni Budaya', 'B', 0, 0, 0, 0, 0),
(8, 'Penjas Orkes', 'B', 0, 0, 0, 0, 0),
(9, 'Prakarya dan Kewirausahaan', 'B', 0, 0, 0, 0, 0),
(10, 'Bahasa Jawa', 'B', 0, 0, 0, 0, 0),
(11, 'Geografi', 'C', 0, 0, 0, 0, 0),
(12, 'Sejarah', 'C', 0, 0, 0, 0, 0),
(13, 'Sosiologi', 'C', 0, 0, 0, 0, 0),
(14, 'Ekonomi', 'A', 0, 0, 0, 0, 0),
(15, 'Bahasa Perancis', 'Peminatan', 0, 0, 0, 0, 0),
(16, 'Bahasa Mbuh', 'C', 0, 0, 0, 0, 1);

-- --------------------------------------------------------

--
-- Table structure for table `nilai`
--

CREATE TABLE IF NOT EXISTS `nilai` (
  `id_nilai` int(11) NOT NULL AUTO_INCREMENT,
  `id_guru_mapel` int(11) NOT NULL,
  `id_kelas` int(11) NOT NULL,
  `nilai` varchar(5) NOT NULL,
  `remidi` varchar(5) NOT NULL,
  `tugas` varchar(5) NOT NULL,
  `nis` varchar(20) NOT NULL,
  `id_ta` int(5) NOT NULL,
  `semester` int(5) NOT NULL,
  `tingkat` int(2) NOT NULL,
  `ket` int(11) NOT NULL,
  `jenis` int(1) NOT NULL,
  PRIMARY KEY (`id_nilai`)
) ENGINE=InnoDB  DEFAULT CHARSET=latin1 AUTO_INCREMENT=705 ;

--
-- Dumping data for table `nilai`
--

INSERT INTO `nilai` (`id_nilai`, `id_guru_mapel`, `id_kelas`, `nilai`, `remidi`, `tugas`, `nis`, `id_ta`, `semester`, `tingkat`, `ket`, `jenis`) VALUES
(3, 1, 26, '74', '', '90', '1232', 1, 2, 1, 2, 1),
(4, 1, 26, '75', '', '96', '1233', 1, 2, 1, 2, 1),
(5, 1, 26, '79', '', '89', '1234', 1, 2, 1, 2, 1),
(6, 1, 26, '90', '', '90', '1235', 1, 2, 1, 2, 1),
(7, 1, 26, '30', '', '99', '1236', 1, 2, 1, 2, 1),
(8, 1, 26, '90', '', '98', '1237', 1, 2, 1, 2, 1),
(9, 1, 26, '95', '', '93', '1238', 1, 2, 1, 2, 1),
(10, 1, 26, '97', '', '95', '1239', 1, 2, 1, 2, 1),
(11, 1, 26, '92', '', '92', '1240', 1, 2, 1, 2, 1),
(12, 1, 26, '88', '', '90', '1241', 1, 2, 1, 2, 1),
(13, 1, 26, '85', '', '85', '1242', 1, 2, 1, 2, 1),
(14, 1, 26, '81', '', '80', '1243', 1, 2, 1, 2, 1),
(15, 1, 26, '80', '', '96', '1244', 1, 2, 1, 2, 1),
(16, 1, 26, '85', '', '96', '1245', 1, 2, 1, 2, 1),
(17, 1, 26, '89', '', '96', '1246', 1, 2, 1, 2, 1),
(18, 1, 26, '90', '', '91', '1247', 1, 2, 1, 2, 1),
(19, 1, 26, '85', '', '95', '1248', 1, 2, 1, 2, 1),
(20, 1, 26, '95', '', '92', '1249', 1, 2, 1, 2, 1),
(21, 1, 26, '65', '', '90', '1250', 1, 2, 1, 2, 1),
(22, 1, 26, '80', '', '89', '1251', 1, 2, 1, 2, 1),
(23, 1, 26, '85', '', '88', '1252', 1, 2, 1, 2, 1),
(24, 1, 26, '89', '', '89', '1253', 1, 2, 1, 2, 1),
(25, 1, 26, '90', '', '88', '1254', 1, 2, 1, 2, 1),
(26, 1, 26, '96', '', '90', '1255', 1, 2, 1, 2, 1),
(27, 1, 26, '95', '', '95', '1256', 1, 2, 1, 2, 1),
(28, 1, 26, '91', '', '92', '1257', 1, 2, 1, 2, 1),
(87, 1, 26, '74', '', '90', '1232', 1, 2, 1, 3, 1),
(88, 1, 26, '75', '', '96', '1233', 1, 2, 1, 3, 1),
(89, 1, 26, '79', '', '89', '1234', 1, 2, 1, 3, 1),
(90, 1, 26, '90', '', '90', '1235', 1, 2, 1, 3, 1),
(91, 1, 26, '30', '', '99', '1236', 1, 2, 1, 3, 1),
(92, 1, 26, '90', '', '98', '1237', 1, 2, 1, 3, 1),
(93, 1, 26, '95', '', '93', '1238', 1, 2, 1, 3, 1),
(94, 1, 26, '97', '', '95', '1239', 1, 2, 1, 3, 1),
(95, 1, 26, '92', '', '92', '1240', 1, 2, 1, 3, 1),
(96, 1, 26, '88', '', '90', '1241', 1, 2, 1, 3, 1),
(97, 1, 26, '85', '', '85', '1242', 1, 2, 1, 3, 1),
(98, 1, 26, '81', '', '80', '1243', 1, 2, 1, 3, 1),
(99, 1, 26, '80', '', '96', '1244', 1, 2, 1, 3, 1),
(100, 1, 26, '85', '', '96', '1245', 1, 2, 1, 3, 1),
(101, 1, 26, '89', '', '96', '1246', 1, 2, 1, 3, 1),
(102, 1, 26, '90', '', '91', '1247', 1, 2, 1, 3, 1),
(103, 1, 26, '85', '', '95', '1248', 1, 2, 1, 3, 1),
(104, 1, 26, '95', '', '92', '1249', 1, 2, 1, 3, 1),
(105, 1, 26, '65', '', '90', '1250', 1, 2, 1, 3, 1),
(106, 1, 26, '80', '', '89', '1251', 1, 2, 1, 3, 1),
(107, 1, 26, '85', '', '88', '1252', 1, 2, 1, 3, 1),
(108, 1, 26, '89', '', '89', '1253', 1, 2, 1, 3, 1),
(109, 1, 26, '90', '', '88', '1254', 1, 2, 1, 3, 1),
(110, 1, 26, '96', '', '90', '1255', 1, 2, 1, 3, 1),
(111, 1, 26, '95', '', '95', '1256', 1, 2, 1, 3, 1),
(112, 1, 26, '91', '', '92', '1257', 1, 2, 1, 3, 1),
(115, 1, 26, '90', '', '', '1232', 1, 2, 1, 4, 1),
(116, 1, 26, '88', '', '', '1233', 1, 2, 1, 4, 1),
(117, 1, 26, '98', '', '', '1235', 1, 2, 1, 4, 1),
(118, 1, 26, '95', '', '', '1234', 1, 2, 1, 4, 1),
(119, 1, 26, '74', '', '', '1236', 1, 2, 1, 4, 1),
(120, 1, 26, '80', '', '', '1239', 1, 2, 1, 4, 1),
(121, 1, 26, '98', '', '', '1237', 1, 2, 1, 4, 1),
(122, 1, 26, '70', '', '', '1238', 1, 2, 1, 4, 1),
(123, 1, 26, '82', '', '', '1241', 1, 2, 1, 4, 1),
(124, 1, 26, '85', '', '', '1240', 1, 2, 1, 4, 1),
(125, 1, 26, '83', '', '', '1242', 1, 2, 1, 4, 1),
(126, 1, 26, '85', '', '', '1243', 1, 2, 1, 4, 1),
(127, 1, 26, '89', '', '', '1245', 1, 2, 1, 4, 1),
(128, 1, 26, '90', '', '', '1247', 1, 2, 1, 4, 1),
(129, 1, 26, '88', '', '', '1246', 1, 2, 1, 4, 1),
(130, 1, 26, '87', '', '', '1244', 1, 2, 1, 4, 1),
(131, 1, 26, '95', '', '', '1248', 1, 2, 1, 4, 1),
(132, 1, 26, '84', '', '', '1253', 1, 2, 1, 4, 1),
(133, 1, 26, '80', '', '', '1252', 1, 2, 1, 4, 1),
(134, 1, 26, '90', '', '', '1250', 1, 2, 1, 4, 1),
(135, 1, 26, '90', '', '', '1251', 1, 2, 1, 4, 1),
(136, 1, 26, '90', '', '', '1249', 1, 2, 1, 4, 1),
(137, 1, 26, '76', '', '', '1254', 1, 2, 1, 4, 1),
(138, 1, 26, '98', '', '', '1256', 1, 2, 1, 4, 1),
(139, 1, 26, '79', '', '', '1255', 1, 2, 1, 4, 1),
(140, 1, 26, '90', '', '', '1257', 1, 2, 1, 4, 1),
(176, 1, 26, '1', '', '', '1233', 1, 2, 1, 1, 5),
(177, 1, 26, '1', '', '', '1234', 1, 2, 1, 1, 5),
(178, 1, 26, '1', '', '', '1235', 1, 2, 1, 1, 5),
(179, 1, 26, '1', '', '', '1236', 1, 2, 1, 1, 5),
(180, 1, 26, '1', '', '', '1237', 1, 2, 1, 1, 5),
(181, 1, 26, '1', '', '', '1239', 1, 2, 1, 1, 5),
(182, 1, 26, '1', '', '', '1240', 1, 2, 1, 1, 5),
(183, 1, 26, '1', '', '', '1238', 1, 2, 1, 1, 5),
(184, 1, 26, '1', '', '', '1242', 1, 2, 1, 1, 5),
(185, 1, 26, '1', '', '', '1241', 1, 2, 1, 1, 5),
(186, 1, 26, '1', '', '', '1243', 1, 2, 1, 1, 5),
(187, 1, 26, '1', '', '', '1244', 1, 2, 1, 1, 5),
(188, 1, 26, '1', '', '', '1245', 1, 2, 1, 1, 5),
(189, 1, 26, '1', '', '', '1246', 1, 2, 1, 1, 5),
(190, 1, 26, '1', '', '', '1247', 1, 2, 1, 1, 5),
(191, 1, 26, '1', '', '', '1248', 1, 2, 1, 1, 5),
(192, 1, 26, '1', '', '', '1249', 1, 2, 1, 1, 5),
(193, 1, 26, '1', '', '', '1250', 1, 2, 1, 1, 5),
(194, 1, 26, '1', '', '', '1251', 1, 2, 1, 1, 5),
(195, 1, 26, '1', '', '', '1253', 1, 2, 1, 1, 5),
(196, 1, 26, '1', '', '', '1254', 1, 2, 1, 1, 5),
(197, 1, 26, '1', '', '', '1252', 1, 2, 1, 1, 5),
(198, 1, 26, '1', '', '', '1255', 1, 2, 1, 1, 5),
(199, 1, 26, '1', '', '', '1256', 1, 2, 1, 1, 5),
(200, 1, 26, '1', '', '', '1257', 1, 2, 1, 1, 5),
(231, 1, 26, '1', '', '', '1232', 1, 2, 1, 1, 5),
(232, 1, 26, '1', '', '', '1233', 1, 2, 1, 1, 5),
(233, 1, 26, '1', '', '', '1234', 1, 2, 1, 1, 5),
(234, 1, 26, '1', '', '', '1235', 1, 2, 1, 1, 5),
(235, 1, 26, '1', '', '', '1236', 1, 2, 1, 1, 5),
(236, 1, 26, '1', '', '', '1237', 1, 2, 1, 1, 5),
(237, 1, 26, '1', '', '', '1238', 1, 2, 1, 1, 5),
(238, 1, 26, '1', '', '', '1239', 1, 2, 1, 1, 5),
(239, 1, 26, '1', '', '', '1240', 1, 2, 1, 1, 5),
(240, 1, 26, '1', '', '', '1241', 1, 2, 1, 1, 5),
(241, 1, 26, '1', '', '', '1242', 1, 2, 1, 1, 5),
(242, 1, 26, '1', '', '', '1243', 1, 2, 1, 1, 5),
(243, 1, 26, '1', '', '', '1244', 1, 2, 1, 1, 5),
(244, 1, 26, '1', '', '', '1245', 1, 2, 1, 1, 5),
(245, 1, 26, '1', '', '', '1246', 1, 2, 1, 1, 5),
(246, 1, 26, '1', '', '', '1247', 1, 2, 1, 1, 5),
(247, 1, 26, '1', '', '', '1248', 1, 2, 1, 1, 5),
(248, 1, 26, '1', '', '', '1249', 1, 2, 1, 1, 5),
(249, 1, 26, '1', '', '', '1250', 1, 2, 1, 1, 5),
(250, 1, 26, '1', '', '', '1251', 1, 2, 1, 1, 5),
(251, 1, 26, '1', '', '', '1252', 1, 2, 1, 1, 5),
(252, 1, 26, '1', '', '', '1253', 1, 2, 1, 1, 5),
(253, 1, 26, '1', '', '', '1254', 1, 2, 1, 1, 5),
(254, 1, 26, '1', '', '', '1255', 1, 2, 1, 1, 5),
(255, 1, 26, '1', '', '', '1256', 1, 2, 1, 1, 5),
(256, 1, 26, '1', '', '', '1257', 1, 2, 1, 1, 5),
(259, 1, 26, '1', '', '', '1232', 1, 2, 1, 1, 5),
(260, 1, 26, '1', '', '', '1233', 1, 2, 1, 1, 5),
(261, 1, 26, '1', '', '', '1234', 1, 2, 1, 1, 5),
(262, 1, 26, '1', '', '', '1235', 1, 2, 1, 1, 5),
(263, 1, 26, '1', '', '', '1236', 1, 2, 1, 1, 5),
(264, 1, 26, '1', '', '', '1237', 1, 2, 1, 1, 5),
(265, 1, 26, '1', '', '', '1238', 1, 2, 1, 1, 5),
(266, 1, 26, '1', '', '', '1239', 1, 2, 1, 1, 5),
(267, 1, 26, '1', '', '', '1240', 1, 2, 1, 1, 5),
(268, 1, 26, '1', '', '', '1241', 1, 2, 1, 1, 5),
(269, 1, 26, '1', '', '', '1242', 1, 2, 1, 1, 5),
(270, 1, 26, '1', '', '', '1243', 1, 2, 1, 1, 5),
(271, 1, 26, '1', '', '', '1244', 1, 2, 1, 1, 5),
(272, 1, 26, '1', '', '', '1245', 1, 2, 1, 1, 5),
(273, 1, 26, '1', '', '', '1246', 1, 2, 1, 1, 5),
(274, 1, 26, '1', '', '', '1247', 1, 2, 1, 1, 5),
(275, 1, 26, '1', '', '', '1248', 1, 2, 1, 1, 5),
(276, 1, 26, '1', '', '', '1249', 1, 2, 1, 1, 5),
(277, 1, 26, '1', '', '', '1250', 1, 2, 1, 1, 5),
(278, 1, 26, '1', '', '', '1251', 1, 2, 1, 1, 5),
(279, 1, 26, '1', '', '', '1252', 1, 2, 1, 1, 5),
(280, 1, 26, '1', '', '', '1253', 1, 2, 1, 1, 5),
(281, 1, 26, '1', '', '', '1254', 1, 2, 1, 1, 5),
(282, 1, 26, '1', '', '', '1255', 1, 2, 1, 1, 5),
(283, 1, 26, '1', '', '', '1256', 1, 2, 1, 1, 5),
(284, 1, 26, '1', '', '', '1257', 1, 2, 1, 1, 5),
(400, 1, 26, '1', '', '', '1233', 1, 2, 1, 1, 5),
(401, 1, 26, '1', '', '', '1234', 1, 2, 1, 1, 5),
(402, 1, 26, '1', '', '', '1235', 1, 2, 1, 1, 5),
(403, 1, 26, '1', '', '', '1236', 1, 2, 1, 1, 5),
(404, 1, 26, '1', '', '', '1239', 1, 2, 1, 1, 5),
(405, 1, 26, '1', '', '', '1237', 1, 2, 1, 1, 5),
(406, 1, 26, '1', '', '', '1240', 1, 2, 1, 1, 5),
(407, 1, 26, '1', '', '', '1241', 1, 2, 1, 1, 5),
(408, 1, 26, '1', '', '', '1238', 1, 2, 1, 1, 5),
(409, 1, 26, '1', '', '', '1242', 1, 2, 1, 1, 5),
(410, 1, 26, '1', '', '', '1243', 1, 2, 1, 1, 5),
(411, 1, 26, '1', '', '', '1244', 1, 2, 1, 1, 5),
(412, 1, 26, '1', '', '', '1245', 1, 2, 1, 1, 5),
(413, 1, 26, '1', '', '', '1247', 1, 2, 1, 1, 5),
(414, 1, 26, '1', '', '', '1246', 1, 2, 1, 1, 5),
(415, 1, 26, '1', '', '', '1248', 1, 2, 1, 1, 5),
(416, 1, 26, '1', '', '', '1249', 1, 2, 1, 1, 5),
(417, 1, 26, '1', '', '', '1250', 1, 2, 1, 1, 5),
(418, 1, 26, '1', '', '', '1251', 1, 2, 1, 1, 5),
(419, 1, 26, '1', '', '', '1253', 1, 2, 1, 1, 5),
(420, 1, 26, '1', '', '', '1252', 1, 2, 1, 1, 5),
(421, 1, 26, '1', '', '', '1254', 1, 2, 1, 1, 5),
(422, 1, 26, '1', '', '', '1255', 1, 2, 1, 1, 5),
(423, 1, 26, '1', '', '', '1257', 1, 2, 1, 1, 5),
(424, 1, 26, '1', '', '', '1256', 1, 2, 1, 1, 5),
(483, 1, 26, '70', '', '', '1232', 1, 2, 1, 5, 1),
(484, 1, 26, '90', '', '', '1233', 1, 2, 1, 5, 1),
(485, 1, 26, '80', '', '', '1234', 1, 2, 1, 5, 1),
(486, 1, 26, '70', '', '', '1235', 1, 2, 1, 5, 1),
(487, 1, 26, '60', '', '', '1236', 1, 2, 1, 5, 1),
(488, 1, 26, '97', '', '', '1238', 1, 2, 1, 5, 1),
(489, 1, 26, '98', '', '', '1239', 1, 2, 1, 5, 1),
(490, 1, 26, '70', '', '', '1240', 1, 2, 1, 5, 1),
(491, 1, 26, '80', '', '', '1237', 1, 2, 1, 5, 1),
(492, 1, 26, '77', '', '', '1241', 1, 2, 1, 5, 1),
(493, 1, 26, '86', '', '', '1242', 1, 2, 1, 5, 1),
(494, 1, 26, '80', '', '', '1244', 1, 2, 1, 5, 1),
(495, 1, 26, '71', '', '', '1245', 1, 2, 1, 5, 1),
(496, 1, 26, '65', '', '', '1243', 1, 2, 1, 5, 1),
(497, 1, 26, '80', '', '', '1246', 1, 2, 1, 5, 1),
(498, 1, 26, '72', '', '', '1247', 1, 2, 1, 5, 1),
(499, 1, 26, '66', '', '', '1248', 1, 2, 1, 5, 1),
(500, 1, 26, '55', '', '', '1249', 1, 2, 1, 5, 1),
(501, 1, 26, '20', '80', '', '1253', 1, 2, 1, 5, 1),
(502, 1, 26, '25', '', '', '1252', 1, 2, 1, 5, 1),
(503, 1, 26, '30', '', '', '1251', 1, 2, 1, 5, 1),
(504, 1, 26, '40', '', '', '1250', 1, 2, 1, 5, 1),
(505, 1, 26, '15', '', '', '1254', 1, 2, 1, 5, 1),
(506, 1, 26, '0', '', '', '1256', 1, 2, 1, 5, 1),
(507, 1, 26, '12', '95', '', '1255', 1, 2, 1, 5, 1),
(508, 1, 26, '0', '', '', '1257', 1, 2, 1, 5, 1),
(509, 1, 26, 'undef', '', '', '1235', 1, 2, 1, 2, 2),
(510, 1, 26, 'undef', '', '', '1234', 1, 2, 1, 2, 2),
(513, 1, 26, 'undef', '', '', '1232', 1, 2, 1, 2, 2),
(514, 1, 26, 'undef', '', '', '1233', 1, 2, 1, 2, 2),
(515, 1, 26, 'undef', '', '', '1236', 1, 2, 1, 2, 2),
(516, 1, 26, 'undef', '', '', '1237', 1, 2, 1, 2, 2),
(517, 1, 26, 'undef', '', '', '1239', 1, 2, 1, 2, 2),
(518, 1, 26, 'undef', '', '', '1238', 1, 2, 1, 2, 2),
(519, 1, 26, 'undef', '', '', '1241', 1, 2, 1, 2, 2),
(520, 1, 26, 'undef', '', '', '1240', 1, 2, 1, 2, 2),
(521, 1, 26, 'undef', '', '', '1243', 1, 2, 1, 2, 2),
(522, 1, 26, 'undef', '', '', '1242', 1, 2, 1, 2, 2),
(523, 1, 26, 'undef', '', '', '1246', 1, 2, 1, 2, 2),
(524, 1, 26, 'undef', '', '', '1244', 1, 2, 1, 2, 2),
(525, 1, 26, 'undef', '', '', '1247', 1, 2, 1, 2, 2),
(526, 1, 26, 'undef', '', '', '1245', 1, 2, 1, 2, 2),
(527, 1, 26, 'undef', '', '', '1248', 1, 2, 1, 2, 2),
(528, 1, 26, 'undef', '', '', '1249', 1, 2, 1, 2, 2),
(529, 1, 26, 'undef', '', '', '1251', 1, 2, 1, 2, 2),
(530, 1, 26, 'undef', '', '', '1252', 1, 2, 1, 2, 2),
(531, 1, 26, 'undef', '', '', '1250', 1, 2, 1, 2, 2),
(532, 1, 26, 'undef', '', '', '1253', 1, 2, 1, 2, 2),
(533, 1, 26, 'undef', '', '', '1254', 1, 2, 1, 2, 2),
(534, 1, 26, 'undef', '', '', '1255', 1, 2, 1, 2, 2),
(535, 1, 26, 'undef', '', '', '1256', 1, 2, 1, 2, 2),
(536, 1, 26, 'undef', '', '', '1257', 1, 2, 1, 2, 2),
(538, 1, 26, 'undef', '', '', '1233', 1, 2, 1, 2, 2),
(540, 1, 26, 'undef', '', '', '1232', 1, 2, 1, 2, 2),
(541, 1, 26, 'undef', '', '', '1235', 1, 2, 1, 2, 2),
(542, 1, 26, 'undef', '', '', '1234', 1, 2, 1, 2, 2),
(543, 1, 26, 'undef', '', '', '1236', 1, 2, 1, 2, 2),
(544, 1, 26, 'undef', '', '', '1240', 1, 2, 1, 2, 2),
(545, 1, 26, 'undef', '', '', '1239', 1, 2, 1, 2, 2),
(546, 1, 26, 'undef', '', '', '1237', 1, 2, 1, 2, 2),
(547, 1, 26, 'undef', '', '', '1238', 1, 2, 1, 2, 2),
(548, 1, 26, 'undef', '', '', '1241', 1, 2, 1, 2, 2),
(549, 1, 26, 'undef', '', '', '1242', 1, 2, 1, 2, 2),
(550, 1, 26, 'undef', '', '', '1246', 1, 2, 1, 2, 2),
(551, 1, 26, 'undef', '', '', '1244', 1, 2, 1, 2, 2),
(552, 1, 26, 'undef', '', '', '1243', 1, 2, 1, 2, 2),
(553, 1, 26, 'undef', '', '', '1245', 1, 2, 1, 2, 2),
(554, 1, 26, 'undef', '', '', '1247', 1, 2, 1, 2, 2),
(555, 1, 26, 'undef', '', '', '1248', 1, 2, 1, 2, 2),
(556, 1, 26, 'undef', '', '', '1251', 1, 2, 1, 2, 2),
(557, 1, 26, 'undef', '', '', '1250', 1, 2, 1, 2, 2),
(558, 1, 26, 'undef', '', '', '1249', 1, 2, 1, 2, 2),
(559, 1, 26, 'undef', '', '', '1253', 1, 2, 1, 2, 2),
(560, 1, 26, 'undef', '', '', '1252', 1, 2, 1, 2, 2),
(561, 1, 26, 'undef', '', '', '1254', 1, 2, 1, 2, 2),
(562, 1, 26, 'undef', '', '', '1256', 1, 2, 1, 2, 2),
(563, 1, 26, 'undef', '', '', '1255', 1, 2, 1, 2, 2),
(564, 1, 26, 'undef', '', '', '1257', 1, 2, 1, 2, 2),
(567, 1, 26, 'undef', '', '', '1232', 1, 2, 1, 2, 2),
(568, 1, 26, 'undef', '', '', '1233', 1, 2, 1, 2, 2),
(569, 1, 26, 'undef', '', '', '1234', 1, 2, 1, 2, 2),
(570, 1, 26, 'undef', '', '', '1235', 1, 2, 1, 2, 2),
(571, 1, 26, 'undef', '', '', '1236', 1, 2, 1, 2, 2),
(572, 1, 26, 'undef', '', '', '1237', 1, 2, 1, 2, 2),
(573, 1, 26, 'undef', '', '', '1238', 1, 2, 1, 2, 2),
(574, 1, 26, 'undef', '', '', '1239', 1, 2, 1, 2, 2),
(575, 1, 26, 'undef', '', '', '1241', 1, 2, 1, 2, 2),
(576, 1, 26, 'undef', '', '', '1240', 1, 2, 1, 2, 2),
(577, 1, 26, 'undef', '', '', '1242', 1, 2, 1, 2, 2),
(578, 1, 26, 'undef', '', '', '1243', 1, 2, 1, 2, 2),
(579, 1, 26, 'undef', '', '', '1245', 1, 2, 1, 2, 2),
(580, 1, 26, 'undef', '', '', '1244', 1, 2, 1, 2, 2),
(581, 1, 26, 'undef', '', '', '1246', 1, 2, 1, 2, 2),
(582, 1, 26, 'undef', '', '', '1247', 1, 2, 1, 2, 2),
(583, 1, 26, 'undef', '', '', '1248', 1, 2, 1, 2, 2),
(584, 1, 26, 'undef', '', '', '1249', 1, 2, 1, 2, 2),
(585, 1, 26, 'undef', '', '', '1250', 1, 2, 1, 2, 2),
(586, 1, 26, 'undef', '', '', '1251', 1, 2, 1, 2, 2),
(587, 1, 26, 'undef', '', '', '1253', 1, 2, 1, 2, 2),
(588, 1, 26, 'undef', '', '', '1254', 1, 2, 1, 2, 2),
(589, 1, 26, 'undef', '', '', '1252', 1, 2, 1, 2, 2),
(590, 1, 26, 'undef', '', '', '1256', 1, 2, 1, 2, 2),
(591, 1, 26, 'undef', '', '', '1257', 1, 2, 1, 2, 2),
(592, 1, 26, 'undef', '', '', '1255', 1, 2, 1, 2, 2),
(649, 1, 29, '86', '', '86', '2014012342', 1, 2, 2, 1, 1),
(650, 1, 29, '81', '', '81', '2014012345', 1, 2, 2, 1, 1),
(651, 1, 29, '90', '', '90', '2014012347', 1, 2, 2, 1, 1),
(652, 1, 29, '87.5', '', '87.5', '2014012348', 1, 2, 2, 1, 1),
(653, 1, 29, '85', '', '85', '2014012349', 1, 2, 2, 1, 1),
(654, 1, 29, '86.5', '', '86.5', '2014012353', 1, 2, 2, 1, 1),
(655, 1, 29, '84', '', '84', '2014012355', 1, 2, 2, 1, 1),
(656, 1, 29, '87.5', '', '87.5', '2014012356', 1, 2, 2, 1, 1),
(657, 1, 29, '84.5', '', '84.5', '2014012359', 1, 2, 2, 1, 1),
(658, 1, 29, '81.5', '', '81.5', '2014012361', 1, 2, 2, 1, 1),
(659, 1, 29, '88', '', '88', '2014012362', 1, 2, 2, 1, 1),
(660, 1, 29, '87', '', '87', '2014012367', 1, 2, 2, 1, 1),
(661, 1, 29, '87.5', '', '87.5', '2014012368', 1, 2, 2, 1, 1),
(662, 1, 29, '85', '', '85', '2014012369', 1, 2, 2, 1, 1),
(663, 1, 29, '88.5', '', '88.5', '2014012374', 1, 2, 2, 1, 1),
(664, 1, 29, '85.5', '', '85.5', '2014012375', 1, 2, 2, 1, 1),
(665, 1, 29, '84', '', '84', '2014012376', 1, 2, 2, 1, 1),
(666, 1, 29, '81.5', '', '81.5', '2014012377', 1, 2, 2, 1, 1),
(667, 1, 29, '77', '', '77', '2014012379', 1, 2, 2, 1, 1),
(668, 1, 29, '85.5', '', '85.5', '2014012381', 1, 2, 2, 1, 1),
(669, 1, 29, '89.5', '', '89.5', '2014012382', 1, 2, 2, 1, 1),
(670, 1, 29, '88', '', '88', '2014012385', 1, 2, 2, 1, 1),
(671, 1, 29, '87', '', '87', '2014012386', 1, 2, 2, 1, 1),
(672, 1, 29, '87.5', '', '87.5', '2014012389', 1, 2, 2, 1, 1),
(673, 1, 29, '89', '', '89', '2014012390', 1, 2, 2, 1, 1),
(674, 1, 29, '88.5', '', '88.5', '2014012391', 1, 2, 2, 1, 1),
(675, 1, 29, '87.5', '', '87.5', '2014012392', 1, 2, 2, 1, 1),
(676, 1, 29, '85.5', '', '85.5', '2014012395', 1, 2, 2, 1, 1),
(677, 18, 29, '90', '', '', '2014012369', 1, 2, 1, 2, 1),
(678, 18, 29, '0', '', '', '2014012342', 1, 2, 1, 2, 1),
(679, 18, 29, '80', '', '', '2014012374', 1, 2, 1, 2, 1),
(680, 18, 29, '76', '', '', '2014012375', 1, 2, 1, 2, 1),
(681, 18, 29, '0', '', '', '2014012376', 1, 2, 1, 2, 1),
(682, 18, 29, '89', '', '', '2014012345', 1, 2, 1, 2, 1),
(683, 18, 29, '80', '', '', '2014012377', 1, 2, 1, 2, 1),
(684, 18, 29, '0', '', '', '2014012347', 1, 2, 1, 2, 1),
(685, 18, 29, '85', '', '', '2014012349', 1, 2, 1, 2, 1),
(686, 18, 29, '90', '', '', '2014012379', 1, 2, 1, 2, 1),
(687, 18, 29, '87', '', '', '2014012348', 1, 2, 1, 2, 1),
(688, 18, 29, '90', '', '', '2014012381', 1, 2, 1, 2, 1),
(689, 18, 29, '0', '', '', '2014012382', 1, 2, 1, 2, 1),
(690, 18, 29, '0', '', '', '2014012353', 1, 2, 1, 2, 1),
(691, 18, 29, '80', '', '', '2014012385', 1, 2, 1, 2, 1),
(692, 18, 29, '89', '', '', '2014012355', 1, 2, 1, 2, 1),
(693, 18, 29, '79', '', '', '2014012386', 1, 2, 1, 2, 1),
(694, 18, 29, '90', '', '', '2014012356', 1, 2, 1, 2, 1),
(695, 18, 29, '0', '', '', '2014012390', 1, 2, 1, 2, 1),
(696, 18, 29, '78', '', '', '2014012389', 1, 2, 1, 2, 1),
(697, 18, 29, '0', '', '', '2014012359', 1, 2, 1, 2, 1),
(698, 18, 29, '0', '', '', '2014012361', 1, 2, 1, 2, 1),
(699, 18, 29, '0', '', '', '2014012391', 1, 2, 1, 2, 1),
(700, 18, 29, '0', '', '', '2014012362', 1, 2, 1, 2, 1),
(701, 18, 29, '0', '', '', '2014012392', 1, 2, 1, 2, 1),
(702, 18, 29, '0', '', '', '2014012367', 1, 2, 1, 2, 1),
(703, 18, 29, '0', '', '', '2014012395', 1, 2, 1, 2, 1),
(704, 18, 29, '0', '', '', '2014012368', 1, 2, 1, 2, 1);

-- --------------------------------------------------------

--
-- Table structure for table `nilai_sikap`
--

CREATE TABLE IF NOT EXISTS `nilai_sikap` (
  `id_nilai_sikap` int(11) NOT NULL AUTO_INCREMENT,
  `id_guru_mapel` int(11) NOT NULL,
  `id_kelas` int(11) NOT NULL,
  `nilai_buka` varchar(5) NOT NULL,
  `nilai_tekun` varchar(5) NOT NULL,
  `nilai_rajin` varchar(5) NOT NULL,
  `nilai_rasa` varchar(5) NOT NULL,
  `nilai_disiplin` varchar(5) NOT NULL,
  `nilai_kerjasama` varchar(5) NOT NULL,
  `nilai_ramah` varchar(5) NOT NULL,
  `nilai_hormat` varchar(5) NOT NULL,
  `nilai_jujur` varchar(5) NOT NULL,
  `nilai_janji` varchar(5) NOT NULL,
  `nilai_peduli` varchar(5) NOT NULL,
  `nilai_jawab` varchar(5) NOT NULL,
  `nh` varchar(5) NOT NULL,
  `nis` varchar(20) NOT NULL,
  `id_ta` int(5) NOT NULL,
  `semester` int(5) NOT NULL,
  `ket` int(2) NOT NULL,
  PRIMARY KEY (`id_nilai_sikap`)
) ENGINE=InnoDB  DEFAULT CHARSET=latin1 AUTO_INCREMENT=57 ;

--
-- Dumping data for table `nilai_sikap`
--

INSERT INTO `nilai_sikap` (`id_nilai_sikap`, `id_guru_mapel`, `id_kelas`, `nilai_buka`, `nilai_tekun`, `nilai_rajin`, `nilai_rasa`, `nilai_disiplin`, `nilai_kerjasama`, `nilai_ramah`, `nilai_hormat`, `nilai_jujur`, `nilai_janji`, `nilai_peduli`, `nilai_jawab`, `nh`, `nis`, `id_ta`, `semester`, `ket`) VALUES
(29, 18, 29, '', '', '', '', '', '', '', '', '', '', '', '', '60', '2014012342', 1, 2, 2),
(30, 18, 29, '', '', '', '', '', '', '', '', '', '', '', '', '90', '2014012345', 1, 2, 2),
(31, 18, 29, '', '', '', '', '', '', '', '', '', '', '', '', '89', '2014012347', 1, 2, 2),
(32, 18, 29, '', '', '', '', '', '', '', '', '', '', '', '', '78', '2014012348', 1, 2, 2),
(33, 18, 29, '', '', '', '', '', '', '', '', '', '', '', '', '98', '2014012349', 1, 2, 2),
(34, 18, 29, '', '', '', '', '', '', '', '', '', '', '', '', '80', '2014012353', 1, 2, 2),
(35, 18, 29, '', '', '', '', '', '', '', '', '', '', '', '', '88', '2014012355', 1, 2, 2),
(36, 18, 29, '', '', '', '', '', '', '', '', '', '', '', '', '55', '2014012356', 1, 2, 2),
(37, 18, 29, '', '', '', '', '', '', '', '', '', '', '', '', '90', '2014012359', 1, 2, 2),
(38, 18, 29, '', '', '', '', '', '', '', '', '', '', '', '', '98', '2014012361', 1, 2, 2),
(39, 18, 29, '', '', '', '', '', '', '', '', '', '', '', '', '60', '2014012362', 1, 2, 2),
(40, 18, 29, '', '', '', '', '', '', '', '', '', '', '', '', '97', '2014012367', 1, 2, 2),
(41, 18, 29, '', '', '', '', '', '', '', '', '', '', '', '', '65', '2014012368', 1, 2, 2),
(42, 18, 29, '', '', '', '', '', '', '', '', '', '', '', '', '95', '2014012369', 1, 2, 2),
(43, 18, 29, '', '', '', '', '', '', '', '', '', '', '', '', '79', '2014012374', 1, 2, 2),
(44, 18, 29, '', '', '', '', '', '', '', '', '', '', '', '', '98', '2014012375', 1, 2, 2),
(45, 18, 29, '', '', '', '', '', '', '', '', '', '', '', '', '87', '2014012376', 1, 2, 2),
(46, 18, 29, '', '', '', '', '', '', '', '', '', '', '', '', '89', '2014012377', 1, 2, 2),
(47, 18, 29, '', '', '', '', '', '', '', '', '', '', '', '', '86', '2014012379', 1, 2, 2),
(48, 18, 29, '', '', '', '', '', '', '', '', '', '', '', '', '85', '2014012381', 1, 2, 2),
(49, 18, 29, '', '', '', '', '', '', '', '', '', '', '', '', '84', '2014012382', 1, 2, 2),
(50, 18, 29, '', '', '', '', '', '', '', '', '', '', '', '', '93', '2014012385', 1, 2, 2),
(51, 18, 29, '', '', '', '', '', '', '', '', '', '', '', '', '89', '2014012386', 1, 2, 2),
(52, 18, 29, '', '', '', '', '', '', '', '', '', '', '', '', '67', '2014012389', 1, 2, 2),
(53, 18, 29, '', '', '', '', '', '', '', '', '', '', '', '', '87', '2014012390', 1, 2, 2),
(54, 18, 29, '', '', '', '', '', '', '', '', '', '', '', '', '89', '2014012391', 1, 2, 2),
(55, 18, 29, '', '', '', '', '', '', '', '', '', '', '', '', '87', '2014012392', 1, 2, 2),
(56, 18, 29, '', '', '', '', '', '', '', '', '', '', '', '', '56', '2014012395', 1, 2, 2);

-- --------------------------------------------------------

--
-- Table structure for table `nilai_trampil`
--

CREATE TABLE IF NOT EXISTS `nilai_trampil` (
  `id_nilai_trampil` int(11) NOT NULL AUTO_INCREMENT,
  `id_guru_mapel` int(11) NOT NULL,
  `id_kelas` int(11) NOT NULL,
  `nilai_1` varchar(5) NOT NULL,
  `nilai_2` varchar(5) NOT NULL,
  `nilai_3` varchar(5) NOT NULL,
  `nilai_4` varchar(5) NOT NULL,
  `nilai_5` varchar(5) NOT NULL,
  `nh` varchar(5) NOT NULL,
  `nis` varchar(20) NOT NULL,
  `id_ta` int(5) NOT NULL,
  `semester` int(5) NOT NULL,
  `ket` int(2) NOT NULL,
  PRIMARY KEY (`id_nilai_trampil`)
) ENGINE=InnoDB  DEFAULT CHARSET=latin1 AUTO_INCREMENT=197 ;

--
-- Dumping data for table `nilai_trampil`
--

INSERT INTO `nilai_trampil` (`id_nilai_trampil`, `id_guru_mapel`, `id_kelas`, `nilai_1`, `nilai_2`, `nilai_3`, `nilai_4`, `nilai_5`, `nh`, `nis`, `id_ta`, `semester`, `ket`) VALUES
(169, 18, 29, '', '', '', '', '', '80', '2014012342', 1, 2, 2),
(170, 18, 29, '', '', '', '', '', '90', '2014012345', 1, 2, 2),
(171, 18, 29, '', '', '', '', '', '89', '2014012347', 1, 2, 2),
(172, 18, 29, '', '', '', '', '', '78', '2014012348', 1, 2, 2),
(173, 18, 29, '', '', '', '', '', '98', '2014012349', 1, 2, 2),
(174, 18, 29, '', '', '', '', '', '80', '2014012353', 1, 2, 2),
(175, 18, 29, '', '', '', '', '', '88', '2014012355', 1, 2, 2),
(176, 18, 29, '', '', '', '', '', '90', '2014012356', 1, 2, 2),
(177, 18, 29, '', '', '', '', '', '90', '2014012359', 1, 2, 2),
(178, 18, 29, '', '', '', '', '', '98', '2014012361', 1, 2, 2),
(179, 18, 29, '', '', '', '', '', '99', '2014012362', 1, 2, 2),
(180, 18, 29, '', '', '', '', '', '97', '2014012367', 1, 2, 2),
(181, 18, 29, '', '', '', '', '', '96', '2014012368', 1, 2, 2),
(182, 18, 29, '', '', '', '', '', '95', '2014012369', 1, 2, 2),
(183, 18, 29, '', '', '', '', '', '79', '2014012374', 1, 2, 2),
(184, 18, 29, '', '', '', '', '', '98', '2014012375', 1, 2, 2),
(185, 18, 29, '', '', '', '', '', '87', '2014012376', 1, 2, 2),
(186, 18, 29, '', '', '', '', '', '89', '2014012377', 1, 2, 2),
(187, 18, 29, '', '', '', '', '', '86', '2014012379', 1, 2, 2),
(188, 18, 29, '', '', '', '', '', '85', '2014012381', 1, 2, 2),
(189, 18, 29, '', '', '', '', '', '84', '2014012382', 1, 2, 2),
(190, 18, 29, '', '', '', '', '', '93', '2014012385', 1, 2, 2),
(191, 18, 29, '', '', '', '', '', '89', '2014012386', 1, 2, 2),
(192, 18, 29, '', '', '', '', '', '90', '2014012389', 1, 2, 2),
(193, 18, 29, '', '', '', '', '', '87', '2014012390', 1, 2, 2),
(194, 18, 29, '', '', '', '', '', '89', '2014012391', 1, 2, 2),
(195, 18, 29, '', '', '', '', '', '87', '2014012392', 1, 2, 2),
(196, 18, 29, '', '', '', '', '', '88', '2014012395', 1, 2, 2);

-- --------------------------------------------------------

--
-- Table structure for table `semester`
--

CREATE TABLE IF NOT EXISTS `semester` (
  `id_semester` int(2) NOT NULL AUTO_INCREMENT,
  `semester` varchar(100) NOT NULL,
  `status` int(2) NOT NULL,
  PRIMARY KEY (`id_semester`)
) ENGINE=InnoDB  DEFAULT CHARSET=latin1 AUTO_INCREMENT=3 ;

--
-- Dumping data for table `semester`
--

INSERT INTO `semester` (`id_semester`, `semester`, `status`) VALUES
(1, 'Ganjil', 0),
(2, 'Genap', 1);

-- --------------------------------------------------------

--
-- Table structure for table `siswa`
--

CREATE TABLE IF NOT EXISTS `siswa` (
  `nis` varchar(20) COLLATE latin1_general_ci NOT NULL,
  `nama` varchar(100) COLLATE latin1_general_ci NOT NULL,
  `tempat_lahir` varchar(100) COLLATE latin1_general_ci NOT NULL,
  `tanggal_lahir` date NOT NULL,
  `alamat` varchar(200) COLLATE latin1_general_ci NOT NULL,
  `agama` int(2) NOT NULL,
  `gambar` varchar(100) COLLATE latin1_general_ci NOT NULL,
  `id_ta` varchar(4) COLLATE latin1_general_ci NOT NULL,
  `id_keahlian` int(11) NOT NULL,
  `status` int(1) NOT NULL,
  `anak` int(1) NOT NULL,
  `telp_anak` varchar(15) COLLATE latin1_general_ci NOT NULL,
  `ayah` varchar(100) COLLATE latin1_general_ci NOT NULL,
  `ibu` varchar(100) COLLATE latin1_general_ci NOT NULL,
  `alamat_ortu` text COLLATE latin1_general_ci NOT NULL,
  `kerja_ayah` varchar(100) COLLATE latin1_general_ci NOT NULL,
  `kerja_ibu` varchar(100) COLLATE latin1_general_ci NOT NULL,
  `telp_ortu` varchar(15) COLLATE latin1_general_ci NOT NULL,
  `asal_sek` varchar(100) COLLATE latin1_general_ci NOT NULL,
  `wali` varchar(100) COLLATE latin1_general_ci NOT NULL,
  `kerja_wali` varchar(100) COLLATE latin1_general_ci NOT NULL,
  `alamat_wali` text COLLATE latin1_general_ci NOT NULL,
  `telp_wali` varchar(15) COLLATE latin1_general_ci NOT NULL,
  PRIMARY KEY (`nis`)
) ENGINE=MyISAM DEFAULT CHARSET=latin1 COLLATE=latin1_general_ci;

--
-- Dumping data for table `siswa`
--

INSERT INTO `siswa` (`nis`, `nama`, `tempat_lahir`, `tanggal_lahir`, `alamat`, `agama`, `gambar`, `id_ta`, `id_keahlian`, `status`, `anak`, `telp_anak`, `ayah`, `ibu`, `alamat_ortu`, `kerja_ayah`, `kerja_ibu`, `telp_ortu`, `asal_sek`, `wali`, `kerja_wali`, `alamat_wali`, `telp_wali`) VALUES
('1230', 'FEBI RISMA CINDI ANTIKA', 'Rembang', '1970-01-01', 'Rembang', 1, '', '', 17, 0, 0, '', '', '', '', '', '', '', '', '', '', '', ''),
('1231', 'MBUHLAH', 'Rembang', '1970-01-01', 'Rembang', 1, '', '', 1, 0, 0, '', '', '', '', '', '', '', '', '', '', '', ''),
('1232', 'ALINA HIDAYATI', 'Rembang', '1970-01-01', 'Rembang', 1, '', '17', 26, 0, 0, '', '', '', '', '', '', '', '', '', '', '', ''),
('1233', 'ALISAH', 'Rembang', '1970-01-01', 'Rembang', 1, '', '17', 26, 0, 0, '', '', '', '', '', '', '', '', '', '', '', ''),
('1234', 'AMANINA ULYA SAFIRA', 'Rembang', '1970-01-01', 'Rembang', 1, '', '17', 26, 0, 0, '', '', '', '', '', '', '', '', '', '', '', ''),
('1235', 'ARIF KHUZAINI', 'Rembang', '1970-01-01', 'Rembang', 1, '', '17', 26, 0, 0, '', '', '', '', '', '', '', '', '', '', '', ''),
('1236', 'AYU LISTIA PRADINA', 'Rembang', '1970-01-01', 'Rembang', 1, '', '17', 26, 0, 0, '', '', '', '', '', '', '', '', '', '', '', ''),
('1237', 'BAGUS TIO PAMBUDI', 'Rembang', '1970-01-01', 'Rembang', 1, '', '17', 26, 0, 0, '', '', '', '', '', '', '', '', '', '', '', ''),
('1238', 'BELIA ALFA REZZA', 'Rembang', '1970-01-01', 'Rembang', 1, '', '17', 26, 0, 0, '', '', '', '', '', '', '', '', '', '', '', ''),
('1239', 'DENI SHOLIKAH', 'Rembang', '1970-01-01', 'Rembang', 1, '', '17', 26, 0, 0, '', '', '', '', '', '', '', '', '', '', '', ''),
('1240', 'DEVI EKA SULISTIANA', 'Rembang', '1970-01-01', 'Rembang', 1, '', '17', 26, 0, 0, '', '', '', '', '', '', '', '', '', '', '', ''),
('1241', 'DEWI IRMAWATI', 'Rembang', '1970-01-01', 'Rembang', 1, '', '17', 26, 0, 0, '', '', '', '', '', '', '', '', '', '', '', ''),
('1242', 'FADILAH EKA R', 'Rembang', '1970-01-01', 'Rembang', 1, '', '17', 26, 0, 0, '', '', '', '', '', '', '', '', '', '', '', ''),
('1243', 'FITRIA AYU NUR SA''DIYAH', 'Rembang', '1970-01-01', 'Rembang', 1, '', '17', 26, 0, 0, '', '', '', '', '', '', '', '', '', '', '', ''),
('1244', 'HIMMATUL ULYA', 'Rembang', '1970-01-01', 'Rembang', 1, '', '17', 26, 0, 0, '', '', '', '', '', '', '', '', '', '', '', ''),
('1245', 'INDAH SITI YANI', 'Rembang', '1970-01-01', 'Rembang', 1, '', '17', 26, 0, 0, '', '', '', '', '', '', '', '', '', '', '', ''),
('1246', 'IRFAN SEPTIAN KOESWOYO', 'Rembang', '1970-01-01', 'Rembang', 1, '', '17', 26, 0, 0, '', '', '', '', '', '', '', '', '', '', '', ''),
('1247', 'IRVAN WAHYUDI', 'Rembang', '1970-01-01', 'Rembang', 1, '', '17', 26, 0, 0, '', '', '', '', '', '', '', '', '', '', '', ''),
('1248', 'KHALIMATUS SA''DIYAH', 'Rembang', '1970-01-01', 'Rembang', 1, '', '17', 26, 0, 0, '', '', '', '', '', '', '', '', '', '', '', ''),
('1249', 'NIKEN LINAWATI', 'Rembang', '1970-01-01', 'Rembang', 1, '', '17', 26, 0, 0, '', '', '', '', '', '', '', '', '', '', '', ''),
('1250', 'NUR AZIZAH', 'Rembang', '1970-01-01', 'Rembang', 1, '', '17', 26, 0, 0, '', '', '', '', '', '', '', '', '', '', '', ''),
('1251', 'PENTI KINASIH', 'Rembang', '1970-01-01', 'Rembang', 1, '', '17', 26, 0, 0, '', '', '', '', '', '', '', '', '', '', '', ''),
('1252', 'PINTA KINASIH', 'Rembang', '1970-01-01', 'Rembang', 1, '', '17', 26, 0, 0, '', '', '', '', '', '', '', '', '', '', '', ''),
('1253', 'PURWANTI', 'Rembang', '1970-01-01', 'Rembang', 1, '', '17', 26, 0, 0, '', '', '', '', '', '', '', '', '', '', '', ''),
('1254', 'PUTRI ANJELITA', 'Rembang', '1970-01-01', 'Rembang', 1, '', '17', 26, 0, 0, '', '', '', '', '', '', '', '', '', '', '', ''),
('1255', 'ROSSY KARLINA', 'Rembang', '1970-01-01', 'Rembang', 1, '', '17', 26, 0, 0, '', '', '', '', '', '', '', '', '', '', '', ''),
('1256', 'RULLY DIYAH ARUMSARI', 'Rembang', '1970-01-01', 'Rembang', 1, '', '17', 26, 0, 0, '', '', '', '', '', '', '', '', '', '', '', ''),
('1257', 'SANTIKO SUDIHANOTO', 'Rembang', '1970-01-01', 'Rembang', 1, '', '17', 26, 0, 0, '', '', '', '', '', '', '', '', '', '', '', ''),
('1131', 'ADIRA NUR ROHMAH FEBRIANTI', 'Rembang', '1970-01-01', 'Rembang', 1, '', '17', 27, 0, 0, '', '', '', '', '', '', '', '', '', '', '', ''),
('1132', 'AMALIA DWI OCTAVIA', 'Rembang', '1970-01-01', 'Rembang', 1, '', '17', 27, 0, 0, '', '', '', '', '', '', '', '', '', '', '', ''),
('1133', 'AMELIA MEIMONA', 'Rembang', '1970-01-01', 'Rembang', 1, '', '17', 27, 0, 0, '', '', '', '', '', '', '', '', '', '', '', ''),
('1134', 'ANANDA NURUL AWWAL', 'Rembang', '1970-01-01', 'Rembang', 1, '', '17', 27, 0, 0, '', '', '', '', '', '', '', '', '', '', '', ''),
('1135', 'ANDIKA ROISMUZAMMIL', 'Rembang', '1970-01-01', 'Rembang', 1, '', '17', 27, 0, 0, '', '', '', '', '', '', '', '', '', '', '', ''),
('1136', 'DEVALDO AMARA FIRLI', 'Rembang', '1970-01-01', 'Rembang', 1, '', '17', 27, 0, 0, '', '', '', '', '', '', '', '', '', '', '', ''),
('1137', 'DWI RETNO UMAYASARI', 'Rembang', '1970-01-01', 'Rembang', 1, '', '17', 27, 0, 0, '', '', '', '', '', '', '', '', '', '', '', ''),
('1138', 'DWI SAPANINGSIH', 'Rembang', '1970-01-01', 'Rembang', 1, '', '17', 27, 0, 0, '', '', '', '', '', '', '', '', '', '', '', ''),
('1139', 'ELVIN WINTA SAPUTRI', 'Rembang', '1970-01-01', 'Rembang', 1, '', '17', 27, 0, 0, '', '', '', '', '', '', '', '', '', '', '', ''),
('1140', 'ERVINA IKA APRILLIA', 'Rembang', '1970-01-01', 'Rembang', 1, '', '17', 27, 0, 0, '', '', '', '', '', '', '', '', '', '', '', ''),
('1141', 'FITRI LIANINGSIH', 'Rembang', '1970-01-01', 'Rembang', 1, '', '17', 27, 0, 0, '', '', '', '', '', '', '', '', '', '', '', ''),
('1142', 'IVANDER SHEVA SAVERO', 'Rembang', '1970-01-01', 'Rembang', 1, '', '17', 27, 0, 0, '', '', '', '', '', '', '', '', '', '', '', ''),
('1143', 'MAILAN BANU YOLANDA', 'Rembang', '1970-01-01', 'Rembang', 1, '', '17', 27, 0, 0, '', '', '', '', '', '', '', '', '', '', '', ''),
('1144', 'MIA AGUSTIYA NUR RAHAYU', 'Rembang', '1970-01-01', 'Rembang', 1, '', '17', 27, 0, 0, '', '', '', '', '', '', '', '', '', '', '', ''),
('1145', 'MUHAMMAD MILLENIANO K. W.', 'Rembang', '1970-01-01', 'Rembang', 1, '', '17', 27, 0, 0, '', '', '', '', '', '', '', '', '', '', '', ''),
('1146', 'NABELA MARINA  SAKTIA', 'Rembang', '1970-01-01', 'Rembang', 1, '', '17', 27, 0, 0, '', '', '', '', '', '', '', '', '', '', '', ''),
('1147', 'NOVIA WULANDARI', 'Rembang', '1970-01-01', 'Rembang', 1, '', '17', 27, 0, 0, '', '', '', '', '', '', '', '', '', '', '', ''),
('1148', 'NOVITA NINA KRISTINA', 'Rembang', '1970-01-01', 'Rembang', 1, '', '17', 27, 0, 0, '', '', '', '', '', '', '', '', '', '', '', ''),
('1149', 'NURFAMIA', 'Rembang', '1970-01-01', 'Rembang', 1, '', '17', 27, 0, 0, '', '', '', '', '', '', '', '', '', '', '', ''),
('1150', 'RATNA DYAH AYU HABSARI', 'Rembang', '1970-01-01', 'Rembang', 1, '', '17', 27, 0, 0, '', '', '', '', '', '', '', '', '', '', '', ''),
('1151', 'REZA FIRDAMAYANTI', 'Rembang', '1970-01-01', 'Rembang', 1, '', '17', 27, 0, 0, '', '', '', '', '', '', '', '', '', '', '', ''),
('1152', 'ROFIATUL BADI''AH', 'Rembang', '1970-01-01', 'Rembang', 1, '', '17', 27, 0, 0, '', '', '', '', '', '', '', '', '', '', '', ''),
('1153', 'SASTI WENING RATRI', 'Rembang', '1970-01-01', 'Rembang', 1, '', '17', 27, 0, 0, '', '', '', '', '', '', '', '', '', '', '', ''),
('1154', 'SINTA', 'Rembang', '1970-01-01', 'Rembang', 1, '', '17', 27, 0, 0, '', '', '', '', '', '', '', '', '', '', '', ''),
('1155', 'SINTA ROMANDHON', 'Rembang', '1970-01-01', 'Rembang', 1, '', '17', 27, 0, 0, '', '', '', '', '', '', '', '', '', '', '', ''),
('1156', 'SITI AMINAH', 'Rembang', '1970-01-01', 'Rembang', 1, '', '17', 27, 0, 0, '', '', '', '', '', '', '', '', '', '', '', ''),
('1157', 'SITI JAMILATUN NADIYAH', 'Rembang', '1970-01-01', 'Rembang', 1, '', '17', 27, 0, 0, '', '', '', '', '', '', '', '', '', '', '', ''),
('1158', 'TIRTA MEGA UTAMI', 'Rembang', '1970-01-01', 'Rembang', 1, '', '17', 27, 0, 0, '', '', '', '', '', '', '', '', '', '', '', ''),
('2014012369', 'Agung Pambudi', '', '1970-01-01', '', 1, '', '', 1, 0, 0, '', '', '', '', '', '', '', '', '', '', '', ''),
('2014012342', 'Aulia Nurisma Putri', '', '1970-01-01', '', 1, '', '', 1, 0, 0, '', '', '', '', '', '', '', '', '', '', '', ''),
('2014012374', 'Ayu Retnoningsih', '', '1970-01-01', '', 1, '', '', 1, 0, 0, '', '', '', '', '', '', '', '', '', '', '', ''),
('2014012375', 'Bunga Kharisma', '', '1970-01-01', '', 1, '', '', 1, 0, 0, '', '', '', '', '', '', '', '', '', '', '', ''),
('2014012376', 'Cindhy Kartika Sari', '', '1970-01-01', '', 1, '', '', 1, 0, 0, '', '', '', '', '', '', '', '', '', '', '', ''),
('2014012345', 'Dina Sabila', '', '1970-01-01', '', 1, '', '', 1, 0, 0, '', '', '', '', '', '', '', '', '', '', '', ''),
('2014012377', 'Enggar Novia Kharismawardani', '', '1970-01-01', '', 1, '', '', 1, 0, 0, '', '', '', '', '', '', '', '', '', '', '', ''),
('2014012347', 'Erica Nur ''Aventy', '', '1970-01-01', '', 1, '', '', 1, 0, 0, '', '', '', '', '', '', '', '', '', '', '', ''),
('2014012379', 'Fara Divanandha', '', '1970-01-01', '', 1, '', '', 1, 0, 0, '', '', '', '', '', '', '', '', '', '', '', ''),
('2014012348', 'Fira Choirunnisa Pramanda', '', '1970-01-01', '', 1, '', '', 1, 0, 0, '', '', '', '', '', '', '', '', '', '', '', ''),
('2014012349', 'Galuh Kumala Dewi', '', '1970-01-01', '', 1, '', '', 1, 0, 0, '', '', '', '', '', '', '', '', '', '', '', ''),
('2014012381', 'Hesty Nuraziza', '', '1970-01-01', '', 1, '', '', 1, 0, 0, '', '', '', '', '', '', '', '', '', '', '', ''),
('2014012382', 'Intan Ramadhanti', '', '1970-01-01', '', 1, '', '', 1, 0, 0, '', '', '', '', '', '', '', '', '', '', '', ''),
('2014012353', 'Mochammad Achsan', '', '1970-01-01', '', 1, '', '', 1, 0, 0, '', '', '', '', '', '', '', '', '', '', '', ''),
('2014012385', 'Muhammad Anggi Prakasa', '', '1970-01-01', '', 1, '', '', 1, 0, 0, '', '', '', '', '', '', '', '', '', '', '', ''),
('2014012386', 'Nabila Khoirunnisa Asy''Ari', '', '1970-01-01', '', 1, '', '', 1, 0, 0, '', '', '', '', '', '', '', '', '', '', '', ''),
('2014012355', 'Nunuk  Nadhiroh', '', '1970-01-01', '', 1, '', '', 1, 0, 0, '', '', '', '', '', '', '', '', '', '', '', ''),
('2014012356', 'Nur Faidah', '', '1970-01-01', '', 1, '', '', 1, 0, 0, '', '', '', '', '', '', '', '', '', '', '', ''),
('2014012389', 'Rahmat Syach Ramadhani', '', '1970-01-01', '', 1, '', '', 1, 0, 0, '', '', '', '', '', '', '', '', '', '', '', ''),
('2014012390', 'Raka Alga Pratama', '', '1970-01-01', '', 1, '', '', 1, 0, 0, '', '', '', '', '', '', '', '', '', '', '', ''),
('2014012359', 'Ratna Tresnaning Ba''Ib', '', '1970-01-01', '', 1, '', '', 1, 0, 0, '', '', '', '', '', '', '', '', '', '', '', ''),
('2014012361', 'Reynita Faradella', '', '1970-01-01', '', 1, '', '', 1, 0, 0, '', '', '', '', '', '', '', '', '', '', '', ''),
('2014012362', 'Reza Aditya Pratama', '', '1970-01-01', '', 1, '', '', 1, 0, 0, '', '', '', '', '', '', '', '', '', '', '', ''),
('2014012391', 'Rifky Aulia Wandansari', '', '1970-01-01', '', 1, '', '', 1, 0, 0, '', '', '', '', '', '', '', '', '', '', '', ''),
('2014012392', 'Shania Ayu Nur Yulianti', '', '1970-01-01', '', 1, '', '', 1, 0, 0, '', '', '', '', '', '', '', '', '', '', '', ''),
('2014012367', 'Titis Ajheng Yudhanti', '', '1970-01-01', '', 1, '', '', 1, 0, 0, '', '', '', '', '', '', '', '', '', '', '', ''),
('2014012395', 'Vicky Asyafiqoh Ulya', '', '1970-01-01', '', 1, '', '', 1, 0, 0, '', '', '', '', '', '', '', '', '', '', '', ''),
('2014012368', 'Wahyu Dewa Daru', '', '1970-01-01', '', 1, '', '', 1, 0, 0, '', '', '', '', '', '', '', '', '', '', '', ''),
('0989797', 'Cakra Aminuddin', 'Rembang', '1987-07-21', 'Magersari Rembang', 1, '0', '1', 0, 0, 3, '085640791440', 'Suharno', 'Tiek Pujiningrum', 'Magersari Rembang', 'GUru', 'Guru', '08557070', 'SMP Negeri 1 Rembang', '', '', '', ''),
('2323423', 'FEBI RISMA CINDI ANTIKA', 'Rembang', '1970-01-01', 'Rembang', 1, '', '1', 30, 0, 2, '87987987986', 'bambang', 'rahmah', 'rembang', 'mbuh', 'mbuh', '979776786786', '', '', '', '', ''),
('4234234', 'MBUHLAH', 'Rembang', '1970-01-01', 'Rembang', 1, '', '1', 30, 0, 3, '87987987987', 'bambang', 'rahmah', 'rembang', 'mbuh', 'mbuh', '979776786787', '', '', '', '', '');

-- --------------------------------------------------------

--
-- Table structure for table `ta`
--

CREATE TABLE IF NOT EXISTS `ta` (
  `id_ta` int(11) NOT NULL AUTO_INCREMENT,
  `ta` varchar(100) COLLATE latin1_general_ci NOT NULL,
  `status` int(1) NOT NULL,
  PRIMARY KEY (`id_ta`)
) ENGINE=MyISAM  DEFAULT CHARSET=latin1 COLLATE=latin1_general_ci AUTO_INCREMENT=18 ;

--
-- Dumping data for table `ta`
--

INSERT INTO `ta` (`id_ta`, `ta`, `status`) VALUES
(1, '2010/2011', 1),
(17, '2011/2012', 0);

-- --------------------------------------------------------

--
-- Table structure for table `users`
--

CREATE TABLE IF NOT EXISTS `users` (
  `user_id` int(11) NOT NULL AUTO_INCREMENT,
  `userid` varchar(100) COLLATE latin1_general_ci NOT NULL,
  `passid` text COLLATE latin1_general_ci NOT NULL,
  `nameid` varchar(100) COLLATE latin1_general_ci NOT NULL,
  `alamatid` text COLLATE latin1_general_ci NOT NULL,
  `tingkatid` int(2) NOT NULL,
  `nip` varchar(20) COLLATE latin1_general_ci NOT NULL,
  PRIMARY KEY (`user_id`)
) ENGINE=MyISAM  DEFAULT CHARSET=latin1 COLLATE=latin1_general_ci AUTO_INCREMENT=74 ;

--
-- Dumping data for table `users`
--

INSERT INTO `users` (`user_id`, `userid`, `passid`, `nameid`, `alamatid`, `tingkatid`, `nip`) VALUES
(1, 'admin', '21232f297a57a5a743894a0e4a801fc3', 'Cakra Aminuddin', 'Magersari Rembang', 1, ''),
(46, 'jumari', '21232f297a57a5a743894a0e4a801fc3', 'jumari', 'Pandeyan Rembang', 2, ''),
(73, 'farid', 'ac43724f16e9241d990427ab7c8f4228', 'Ahmad Farid', 'Magersari Rembang', 3, '3823845326'),
(72, 'agnes', 'ac43724f16e9241d990427ab7c8f4228', 'Agnes', 'Magersari Rembang', 3, '3646583569'),
(62, 'sholihin', 'ac43724f16e9241d990427ab7c8f4228', 'Nur Sholihin, S.Hi., M.Si.', 'Rembang Jawa Tengah', 3, '56765');

--
-- Constraints for dumped tables
--

--
-- Constraints for table `guru_mapel`
--
ALTER TABLE `guru_mapel`
  ADD CONSTRAINT `guru_mapel_ibfk_1` FOREIGN KEY (`id_mapel`) REFERENCES `mapel` (`id_mapel`) ON DELETE CASCADE ON UPDATE CASCADE;

/*!40101 SET CHARACTER_SET_CLIENT=@OLD_CHARACTER_SET_CLIENT */;
/*!40101 SET CHARACTER_SET_RESULTS=@OLD_CHARACTER_SET_RESULTS */;
/*!40101 SET COLLATION_CONNECTION=@OLD_COLLATION_CONNECTION */;
